{
  "original": {
    "name": "Original System",
    "duration": 1.5149133205413818,
    "total_frames": 900,
    "detected_frames": 823,
    "lost_frames": 77,
    "tracking_rate": 0.9144444444444444,
    "fps_mean": 14.989474143519596,
    "fps_std": 2.9147711036610042,
    "fps_min": 8.0,
    "fps_max": 20.0,
    "fps_p50": 15.070057043232062,
    "fps_p95": 20.0,
    "latency_mean": 125.06805893188806,
    "latency_std": 14.461347377302474,
    "latency_min": 100.0,
    "latency_max": 150.0,
    "latency_p50": 125.02585790398734,
    "latency_p95": 150.0,
    "pan_jitter_rms": 1866.7762547668835,
    "tilt_jitter_rms": 2034.8114965550367,
    "confidence_mean": 0.8287055691056354,
    "confidence_std": 0.07287742290167458,
    "overall_jitter_rms": 2761.3966415337763
  },
  "enhanced": {
    "name": "Enhanced System",
    "duration": 5.843140125274658,
    "total_frames": 3601,
    "detected_frames": 3537,
    "lost_frames": 64,
    "tracking_rate": 0.9822271591224659,
    "fps_mean": 59.97691901779511,
    "fps_std": 1.9906686380352976,
    "fps_min": 55.0,
    "fps_max": 65.0,
    "fps_p50": 59.95961840877152,
    "fps_p95": 63.39618173214143,
    "latency_mean": 40.41040715376146,
    "latency_std": 4.910595261091198,
    "latency_min": 30.0,
    "latency_max": 50.0,
    "latency_p50": 40.41436390515275,
    "latency_p95": 48.98660982946583,
    "pan_jitter_rms": 491.654844009305,
    "tilt_jitter_rms": 438.6170623052557,
    "confidence_mean": 0.8666082050330035,
    "confidence_std": 0.06611832682913038,
    "overall_jitter_rms": 658.8697997200255
  },
  "improvements": {
    "duration": 285.70788480402996,
    "total_frames": 300.11111111111114,
    "detected_frames": 329.7691373025516,
    "lost_frames": -16.883116883116884,
    "tracking_rate": 7.412447534656062,
    "fps_mean": 300.1269053439407,
    "fps_std": -31.704117845309277,
    "fps_min": 587.5,
    "fps_max": 225.0,
    "fps_p50": 297.8725378196182,
    "fps_p95": 216.98090866070717,
    "latency_mean": -67.68926654904836,
    "latency_std": -66.04330749430355,
    "latency_min": -70.0,
    "latency_max": -66.66666666666666,
    "latency_p50": -67.67519568936798,
    "latency_p95": -67.34226011368945,
    "pan_jitter_rms": -73.6628938388387,
    "tilt_jitter_rms": -78.444339289028,
    "confidence_mean": 4.573715604237314,
    "confidence_std": -9.274609067424759,
    "overall_jitter_rms": -76.13997968238036
  },
  "timestamp": "2025-12-04T21:35:54.172673"
}